"","icecream_sales","income","price","temperature","country","season"
"1",1836.14,23537.03,4.52,29.29,"B","Winter"
"2",1334.74,26388.66,3.29,14.64,"B","Summer"
"3",1209.39,31701.41,4.36,10.52,"B","Summer"
"4",1094.57,26553.15,4.07,7.41,"A","Summer"
"5",1162.72,26763.81,4.07,9.47,"B","Autumn"
"6",656.29,29415.39,5.06,4.14,"A","Autumn"
"7",1470.28,25237.96,2.99,11.01,"A","Spring"
"8",660.13,34011.05,4.59,10.8,"B","Winter"
"9",1216.91,25793.19,4.87,25.3,"A","Autumn"
"10",803.08,29252.59,4.59,14.39,"B","Autumn"
"11",1427.85,26152.17,4.24,10.17,"B","Spring"
"12",1486.45,38382.84,3.35,23.42,"A","Winter"
"13",1410.2,29965.75,4.11,11.73,"A","Summer"
"14",980.09,36219.09,4.6,8.44,"A","Spring"
"15",1013.18,23596.55,4.59,26.05,"B","Autumn"
"16",1305.43,24935.52,3.38,21.23,"B","Spring"
"17",1108.84,24198.43,4.52,13.35,"A","Spring"
"18",988.84,39555.12,4.9,11.91,"B","Spring"
"19",1608,24239.42,4.1,25.08,"A","Winter"
"20",1316.69,22535.94,3.66,26.31,"B","Autumn"
"21",1572.97,27974.85,4.49,13.74,"B","Spring"
"22",1336.4,38203.68,2.79,7.45,"A","Spring"
"23",948.37,28437.89,4.41,7.68,"B","Summer"
"24",462.71,22143.27,3.56,5.99,"A","Spring"
"25",1029.33,22908.84,5.39,13.11,"A","Summer"
"26",1702.54,29272.81,3.2,24.49,"A","Winter"
"27",1551.18,25368.17,3.72,23.8,"A","Summer"
"28",1647.41,29897.86,4.99,20.28,"A","Autumn"
"29",1773.44,24573.96,4.64,24.25,"A","Winter"
"30",723.07,38048.19,4.82,7.66,"B","Autumn"
"31",1241.83,33648.64,4.09,10.73,"B","Spring"
"32",1462.48,43503.08,3.54,25.74,"B","Autumn"
"33",1682.32,25243.62,3.71,30.3,"A","Autumn"
"34",1247.15,36797.02,3.66,10.23,"B","Summer"
"35",1025.79,29104.52,4.33,7.88,"A","Autumn"
"36",1328.94,29449.94,4.68,24.86,"A","Autumn"
"37",1182.34,21709.28,3.92,26.42,"A","Winter"
"38",906.36,22633.02,5.07,12.5,"A","Autumn"
"39",1778.18,30417.41,3.62,25.89,"B","Spring"
"40",917.08,28078.61,3.64,8.92,"B","Spring"
"41",1972.85,25775.52,3.44,26.94,"A","Winter"
"42",644.21,30136.84,5.03,6.76,"A","Summer"
"43",940.81,23474.35,4.73,12.91,"B","Winter"
"44",1295.1,36242.69,4.27,10.49,"B","Autumn"
"45",1591.57,27561.8,3.47,13.86,"A","Spring"
"46",1474.82,43363.71,4.4,11.32,"B","Autumn"
"47",890.16,24022.4,4.77,13.43,"B","Autumn"
"48",1452.7,24936.86,3.79,22.86,"A","Summer"
"49",1170.28,34831.6,4.55,21.41,"A","Autumn"
"50",786.24,32837.86,4.87,5.55,"A","Spring"
"51",1219.92,25899.73,4.79,6.3,"A","Summer"
"52",1244.11,53052.82,4.08,25.76,"B","Winter"
"53",1385.91,26825.29,4.62,24.81,"B","Winter"
"54",1303.03,25552.01,3.76,11.92,"A","Spring"
"55",1395.1,22183.61,4.84,12.84,"A","Summer"
"56",1296.68,27187.08,4.42,24.36,"A","Winter"
"57",1718.52,34933.45,4.92,14.16,"A","Summer"
"58",1725.34,29252.47,3.9,12.31,"A","Spring"
"59",1715.21,33392.83,3.34,23.23,"B","Summer"
"60",606.66,31784.21,4.98,3.72,"A","Summer"
"61",1062.77,31892.59,3.97,11.03,"A","Summer"
"62",853.25,25603.84,4.12,8.83,"B","Autumn"
"63",1353.28,23982.99,4.17,25.21,"A","Winter"
"64",1747.64,25519.17,2.37,28.38,"B","Spring"
"65",1434.93,26458.4,4.61,14.51,"A","Summer"
"66",446.25,25170.19,4.52,5.71,"B","Spring"
"67",1221.43,30558.08,4.43,18.35,"B","Winter"
"68",1248.67,30642.29,2.75,19.82,"B","Autumn"
"69",949.44,46225.26,4.36,13.25,"A","Autumn"
"70",797.61,27689.4,4.29,6.39,"A","Summer"
"71",1498.53,20754.06,4.31,30.75,"A","Winter"
"72",825.4,28347.19,4.39,5.38,"A","Spring"
"73",532.02,27303.14,4.11,6.15,"A","Spring"
"74",1829.2,32080.89,3.38,28.72,"B","Winter"
"75",1552.68,30447.28,4.36,27.11,"A","Winter"
"76",1319.94,31810.91,4.43,24.53,"A","Autumn"
"77",1222.18,28978.9,4.57,29.94,"B","Autumn"
"78",757.11,27689.96,3.77,6.99,"B","Summer"
"79",1322.38,24848.01,3.15,23.9,"A","Autumn"
"80",1280.98,33807.97,3.74,24.56,"A","Autumn"
"81",1419.91,30889.89,3.88,9.82,"A","Spring"
"82",1560.29,25871.3,4.24,22.5,"A","Winter"
"83",1471.4,26614.5,4.41,6.25,"A","Spring"
"84",1953.75,27725.72,3.69,31.57,"B","Summer"
"85",897.74,33819.55,2.42,12.54,"A","Autumn"
"86",1613.76,36152.65,4.18,23.72,"A","Autumn"
"87",1150.57,25835.02,3.48,11.96,"B","Summer"
"88",1023.11,38084.44,3.6,5.09,"A","Spring"
"89",1445.28,22900.37,3.79,27.95,"A","Winter"
"90",1447.38,31289.26,4.05,11.49,"A","Summer"
"91",895.24,30242.71,5.27,12.36,"A","Autumn"
"92",720.39,31695.76,5.04,9.98,"A","Winter"
"93",1536.69,36324.21,3.6,25.26,"A","Autumn"
"94",1569.73,23550.27,5.12,28.76,"A","Winter"
"95",968.12,22406.48,4.24,15.64,"A","Spring"
"96",1645.14,22580.66,3.38,25.48,"B","Summer"
"97",1086.55,25896.47,4.61,12.08,"B","Summer"
"98",1312.65,40621.92,2.75,21.63,"B","Winter"
"99",1163.47,26783.88,4.99,9.08,"A","Summer"
"100",1272.44,22420.01,4.46,8.58,"A","Spring"
"101",1014.09,22717.51,3.88,25.36,"A","Autumn"
"102",1060.26,22095.68,3.59,12.22,"B","Summer"
"103",1532.49,21060.19,4.25,28.2,"A","Winter"
"104",522.75,26790.59,5.1,7.83,"A","Summer"
"105",1362.78,22902.37,4.49,28.32,"B","Winter"
"106",1156.65,19926.94,4.69,13.57,"B","Spring"
"107",1223.69,23562.65,4.64,12.63,"B","Spring"
"108",1433.91,24384.61,4.25,28.79,"B","Autumn"
"109",945.15,36325.67,3.64,7.7,"A","Summer"
"110",976.14,33708.49,3.9,7.33,"A","Spring"
"111",959.93,29128.42,5.16,11.07,"A","Winter"
"112",730.88,31447.69,4.97,7.27,"A","Spring"
"113",1909.8,31225.74,3.62,23.85,"A","Summer"
"114",1368.02,34010.37,3.68,23.37,"B","Summer"
"115",978.12,34169.21,4.46,8.64,"A","Autumn"
"116",1096.17,23702,4.43,25.77,"B","Autumn"
"117",1129.88,25454.45,3.85,8.46,"A","Spring"
"118",1458.1,26203.1,4.53,26.14,"A","Autumn"
"119",1859.3,27267.64,0.89,26.16,"B","Winter"
"120",1281.76,26158.21,4.24,9.11,"A","Spring"
"121",1499.77,37917.33,3.13,8.27,"A","Spring"
"122",1469.15,34865.08,3.93,20.6,"B","Spring"
"123",1300.64,31077.73,4.98,26,"A","Winter"
"124",1414.06,24153.58,3.09,24.85,"B","Autumn"
"125",1105.69,21558.65,3.73,27.15,"B","Autumn"
"126",842.79,20154.11,3.8,21.34,"B","Autumn"
"127",1050.13,20812.19,4.85,11.44,"A","Summer"
"128",1589.82,25558.77,4.33,23.69,"B","Spring"
"129",1146,21594.34,5.08,12.33,"A","Summer"
"130",1034.61,21590.04,4.72,27.13,"A","Winter"
"131",1652.03,29918.23,4.28,26.03,"B","Winter"
"132",1349.87,27697.4,3.7,17.57,"A","Winter"
"133",883.69,45665.7,4.29,6.27,"B","Summer"
"134",780.33,23859.55,4.02,23.29,"B","Spring"
"135",1768.84,38751.88,2.72,27.52,"A","Winter"
"136",1027.56,21925.37,3.86,10.67,"A","Spring"
"137",512.78,27865.82,4.61,4.93,"A","Summer"
"138",1289.58,25301.33,3.69,27.01,"A","Autumn"
"139",1267.04,37944.93,5.01,7.57,"A","Spring"
"140",947.3,34110.19,4.18,8.33,"A","Summer"
"141",577.42,33505.95,4.62,4.32,"A","Spring"
"142",694.37,23863,3.74,12.27,"B","Autumn"
"143",1031.98,35818.29,5.06,6.66,"A","Summer"
"144",1119.02,21054.38,5.31,26.66,"A","Autumn"
"145",1548.22,26331.41,4.53,25.95,"A","Winter"
"146",1579.56,23390.63,4.18,28.35,"A","Autumn"
"147",631.16,24699.16,4.85,11.47,"A","Autumn"
"148",1323.2,35986.65,3.85,28.23,"A","Summer"
"149",1690.72,23377.13,3.5,27.81,"A","Summer"
"150",989.8,23720.67,3.9,26.64,"B","Autumn"
"151",712.12,21090.67,4.38,6.03,"B","Spring"
"152",1293.52,33858.84,4.3,16.34,"A","Summer"
"153",1145.23,32204.24,3.75,9.21,"B","Spring"
"154",918.25,24924.24,4.54,8.72,"B","Spring"
"155",986.91,25160.04,3.6,14.55,"A","Winter"
"156",1002.11,23206.09,3.51,17.19,"B","Autumn"
"157",1512.41,31033.55,4.69,29.64,"B","Autumn"
"158",1299.06,25461.13,5.07,11.2,"A","Autumn"
"159",984,27966.97,4.11,24.12,"A","Autumn"
"160",1399.76,26403.93,4.73,8.62,"A","Spring"
"161",867.51,22945.99,4.42,25.5,"B","Winter"
"162",1174.05,27575.23,3.9,12.59,"A","Spring"
"163",1349.02,30504.5,5.25,11.84,"B","Winter"
"164",1069.41,22125.23,3.8,13.04,"B","Summer"
"165",822.1,23991.53,4.5,8.22,"A","Autumn"
"166",1074.34,23630.19,3.79,24.63,"A","Spring"
"167",1654.38,26122.14,4.43,27.84,"B","Winter"
"168",801.27,21901.87,3.95,11.65,"B","Summer"
"169",1995.72,28530.9,4.81,31.76,"B","Winter"
"170",1136.04,22777.96,3.21,26.68,"B","Spring"
"171",960.96,26317.67,3.48,26.84,"B","Winter"
"172",1666.58,35395.47,4.12,21.3,"B","Summer"
"173",1127.56,23347.34,3.67,22.12,"A","Spring"
"174",1475.96,47260.35,4.28,7.53,"A","Spring"
"175",404.28,26062.36,4.68,6.42,"B","Autumn"
"176",1634.15,30795.31,4.94,21,"A","Summer"
"177",1788.12,33366.07,3.62,27.45,"A","Winter"
"178",1077.62,29895.08,4.32,24.34,"B","Autumn"
"179",1109.63,21344.11,3.67,28.17,"B","Autumn"
"180",996.47,20575.44,3.9,23.99,"A","Autumn"
"181",1064.43,28145.57,4.72,4.47,"A","Summer"
"182",1008.6,26639.58,4.18,16.47,"B","Spring"
"183",1378.68,22302.36,4.14,12.86,"B","Summer"
"184",1529.73,31127.17,3.78,21.6,"B","Spring"
"185",1421.88,32378.9,4.55,27.56,"B","Autumn"
"186",1331.42,29250.43,4.78,24.05,"A","Summer"
"187",1233.5,43818.14,4.23,8.38,"A","Autumn"
"188",1604.25,23506.69,3.39,25.69,"B","Spring"
"189",1546.75,20975.05,4.52,19.31,"A","Summer"
"190",951.56,30206.23,4.3,6.06,"A","Spring"
"191",1111.2,32924.87,3.23,9.35,"B","Summer"
"192",854.71,22795.98,4.4,9.72,"A","Spring"
"193",1493.64,30941.32,4.4,27.79,"A","Winter"
"194",1287.23,26126.43,3.92,12.13,"B","Autumn"
"195",1291.94,32340.06,4.57,25.98,"B","Winter"
"196",1298.26,26458.18,2.61,18.84,"B","Spring"
"197",1138.34,38062.9,4.74,10.63,"B","Spring"
"198",1286.45,23037.15,4.21,24.66,"A","Summer"
"199",992.67,26317.22,4.78,24.08,"B","Autumn"
"200",1477.11,27332.79,4.67,8.91,"A","Summer"
"201",1125.24,25113.43,4.76,9.87,"A","Summer"
"202",1274.76,22973.98,4.63,24.17,"A","Autumn"
"203",1313.45,27433.35,3.95,20.1,"B","Summer"
"204",1596.92,28810.8,4.46,23.81,"B","Autumn"
"205",1479.42,23606.49,4.21,25.84,"A","Winter"
"206",1843.44,24012.19,4.53,24.15,"A","Summer"
"207",878.4,21568.84,4.42,10.02,"B","Spring"
"208",1200.38,28697,4.21,11.17,"B","Summer"
"209",1264.73,21240.49,4.34,23.87,"B","Winter"
"210",1164.99,31848.47,4.67,10.05,"B","Summer"
"211",1383.18,25867.02,3.1,22.75,"A","Spring"
"212",1115.12,24901.5,5.42,15.81,"B","Winter"
"213",1442.14,25304.38,4.48,25.47,"A","Winter"
"214",1496.08,45394.1,3.82,13.23,"B","Autumn"
"215",891.44,33830.43,5.1,6.63,"B","Summer"
"216",1359.31,28419,4.06,9.29,"A","Autumn"
"217",1198.87,36577.97,4.69,11.86,"A","Autumn"
"218",621.82,25689.65,4.41,5.86,"A","Summer"
"219",817.07,23369.75,5.28,8.55,"B","Spring"
"220",1149.81,26071.84,4.02,15.9,"B","Winter"
"221",1307.03,38338.26,3.92,8.17,"A","Summer"
"222",1177.06,19749.72,4.93,11,"B","Spring"
"223",1357.58,23230.79,3.3,26.34,"A","Autumn"
"224",956.81,27155.01,4.3,13.28,"A","Autumn"
"225",1555.69,27910.29,3.24,28.29,"A","Winter"
"226",1491.23,23035.29,3.82,31.1,"B","Winter"
"227",1172.54,25319.75,4.64,25.86,"B","Autumn"
"228",1265.5,25934.94,3.99,10.85,"A","Spring"
"229",1887.22,36230.31,4.12,22.66,"A","Summer"
"230",1370.67,25347.27,3.82,25.91,"A","Summer"
"231",946.23,34988.91,4.72,10.9,"A","Winter"
"232",1257.06,21499.21,4.85,28.58,"A","Winter"
"233",1142.17,32394.58,4.26,26.74,"A","Winter"
"234",823.76,33712.26,1.39,7.08,"A","Spring"
"235",1361.04,26145.59,3.46,11.54,"A","Summer"
"236",911.17,22605.17,4.34,22.81,"A","Autumn"
"237",1451.63,33775.97,4.44,24.51,"A","Summer"
"238",835.04,30385.97,4.86,9.22,"A","Winter"
"239",1490.03,26298.58,3.69,10.15,"A","Spring"
"240",1116.68,47033.3,5.05,14.23,"B","Winter"
"241",886.29,24200.34,3.8,14.88,"A","Autumn"
"242",1142.94,29334.5,5.06,19.2,"B","Autumn"
"243",1207.14,27371.33,4.95,12.02,"A","Autumn"
"244",850.31,22806.21,4.57,11.76,"A","Spring"
"245",905.14,29254.37,4.24,11.87,"B","Autumn"
"246",1455.93,21714.62,2.15,24.29,"B","Summer"
"247",1743.71,45865.98,3.17,24.9,"A","Autumn"
"248",1032.85,26283.39,3.64,11.23,"A","Spring"
"249",1394.17,35418.25,4.51,7.12,"A","Summer"
"250",1375.1,30955.17,4.11,23.09,"B","Summer"
"251",1006.76,24145.17,5.26,25.01,"B","Winter"
"252",1440.07,30503.83,4.33,28.87,"B","Winter"
"253",1625.76,26681.3,4.44,30.65,"A","Autumn"
"254",827.03,26823.74,5.16,22.17,"A","Winter"
"255",1158.17,27032.78,4.5,16.97,"B","Summer"
"256",1502.26,24808.87,4.35,28.51,"B","Winter"
"257",884.99,29154.02,4.47,13.06,"B","Autumn"
"258",1121.36,28676.8,4.18,8.73,"A","Spring"
"259",1022.22,22731.58,4.06,5.93,"A","Spring"
"260",1096.97,21030.19,4.7,20.78,"A","Winter"
"261",1146.76,28502.47,3.91,24.44,"A","Winter"
"262",1299.85,32362.46,4.07,29.33,"B","Autumn"
"263",1056.06,28109.94,5.02,8.07,"A","Autumn"
"264",1024.01,31598.85,4.44,9.6,"A","Summer"
"265",1389.56,34475.32,3.77,9.01,"A","Spring"
"266",1164.23,27218.99,4.8,9.31,"A","Autumn"
"267",1072.7,24131.57,4.34,25.03,"A","Winter"
"268",1563.39,25625.01,3.87,25.6,"A","Winter"
"269",892.71,24442.48,5.03,12.48,"A","Autumn"
"270",1180.83,25325.5,4.14,22.28,"B","Summer"
"271",745.62,37842.31,4.47,5.04,"A","Spring"
"272",761.53,27097.53,4.29,7.98,"B","Spring"
"273",1545.29,28646.77,4.74,11.68,"A","Spring"
"274",820.44,21128.15,5.31,22.84,"A","Winter"
"275",1416,36573.45,4.65,22.52,"B","Summer"
"276",1192.86,39254.45,3.75,7.35,"B","Summer"
"277",1283.32,29180.22,4.43,6.92,"A","Spring"
"278",1218.42,23244.45,4.07,22.3,"B","Summer"
"279",851.78,32137.66,4.7,5.29,"A","Spring"
"280",1338.07,24533,3.76,26.96,"B","Winter"
"281",1015,22824.26,4.9,10.27,"A","Winter"
"282",1376.89,27406.78,3.75,24.73,"A","Summer"
"283",1256.3,21224.01,5.08,14.09,"A","Winter"
"284",1937.29,26868.06,4.91,34.27,"B","Winter"
"285",1284.1,28635.96,4.05,19.5,"A","Autumn"
"286",1564.96,24039.98,3.86,13.68,"A","Spring"
"287",903.92,34963.97,3.86,9.75,"A","Autumn"
"288",965.07,26765.73,4.19,10.32,"B","Spring"
"289",1361.91,27985.21,4.56,27.71,"B","Winter"
"290",684.79,40170.23,3.34,8.18,"A","Autumn"
"291",750.29,32024.32,4.24,10.37,"B","Autumn"
"292",1234.26,19779.17,4.29,23.63,"B","Spring"
"293",1052.68,24743.13,4.66,23.94,"B","Autumn"
"294",1343.94,25702.37,3.73,22.33,"A","Winter"
"295",861.9,25517.73,4.91,7.93,"A","Summer"
"296",1418.93,25720.44,5.52,29.2,"A","Winter"
"297",501.98,24790.54,4.53,6.12,"A","Autumn"
"298",1088.16,30509.62,4.06,3.95,"B","Summer"
"299",913.55,22209.11,3.89,23.39,"B","Winter"
"300",1004.9,38299.44,3.59,7.29,"B","Spring"
"301",1181.58,37003.95,4.02,7.51,"A","Spring"
"302",1224.44,27545.91,4.52,11.28,"B","Summer"
"303",1242.59,28828.98,4.72,8.35,"A","Summer"
"304",1397.89,33213.21,3.95,12.16,"B","Spring"
"305",1159.69,24757.74,3.69,8.88,"A","Spring"
"306",1460.28,24453.25,4.37,27.97,"B","Autumn"
"307",1609.91,31008.72,4.01,21.7,"A","Summer"
"308",860.48,42839.32,4.4,4.75,"A","Spring"
"309",1364.52,22172.86,4.87,27.47,"A","Autumn"
"310",1661.61,30566.21,4.54,29.88,"B","Winter"
"311",1112.77,24767.99,5.11,10.71,"A","Summer"
"312",868.89,43357.05,4.04,4.87,"A","Spring"
"313",1755.79,24345.98,3.67,26.57,"B","Summer"
"314",1461.38,40510.42,3.87,22.45,"B","Autumn"
"315",1898.02,25912.63,4.1,30.86,"A","Autumn"
"316",1402.58,23933.08,4.23,25.1,"A","Summer"
"317",1120.58,23145.64,4.48,13.99,"B","Winter"
"318",828.66,24878.99,4.77,12.35,"A","Autumn"
"319",2127.16,27466.99,3.46,31.39,"B","Summer"
"320",1187.6,28574.62,4.6,5.19,"A","Summer"
"321",1203.38,35091.23,4.72,17.89,"A","Winter"
"322",1406.37,27930.75,3.66,22.43,"B","Summer"
"323",1615.71,28002.93,4.04,25.53,"B","Winter"
"324",1328.12,25464.58,4.01,21.85,"B","Winter"
"325",888.88,24167.92,5.38,23.78,"B","Winter"
"326",1192.11,26771.43,3.56,22.57,"B","Autumn"
"327",1141.41,32820.81,3.78,8.65,"B","Summer"
"328",1263.96,33417.19,4.26,7.86,"A","Spring"
"329",1066.1,25104.21,4.47,8.86,"A","Spring"
"330",1324.84,26219.81,4.5,26.36,"B","Autumn"
"331",1674.29,33118.96,3.31,26.7,"A","Winter"
"332",1117.46,26533.86,4.23,21.76,"A","Autumn"
"333",1015.91,29963.9,3.66,9.5,"A","Spring"
"334",1472.54,26094.73,3.45,25.72,"A","Winter"
"335",1229.72,31709.88,4.64,9.32,"A","Spring"
"336",971.15,42400.27,4.69,6.97,"A","Autumn"
"337",953.67,20188.75,4.58,22.07,"A","Summer"
"338",1326.48,29769.19,3.52,20.33,"B","Winter"
"339",1288.01,37111.3,4.08,10.04,"A","Autumn"
"340",1314.26,26758.3,4.38,24.78,"B","Summer"
"341",1877.25,35784.11,4.27,25.31,"A","Winter"
"342",1132.19,25336.71,4.1,11.38,"B","Spring"
"343",1259.36,32104.25,4.44,11.34,"A","Autumn"
"344",1484.09,29420.15,4,23.5,"B","Spring"
"345",1581.24,26078.71,4.27,10.12,"A","Summer"
"346",966.09,28351.83,3.67,11.55,"A","Summer"
"347",743.24,28267.01,4.36,3.12,"A","Autumn"
"348",1084.93,26712.94,4.24,14.31,"A","Winter"
"349",703.47,22435.43,4.32,7.19,"A","Spring"
"350",1279.42,27790.36,4.46,24.98,"A","Autumn"
"351",1606.12,27909.28,4.43,13.38,"A","Summer"
"352",681.48,30183.26,3.85,6.68,"A","Spring"
"353",601.26,28158.77,4.75,5.33,"A","Autumn"
"354",958.89,24325.33,5.11,11.08,"A","Autumn"
"355",1042.42,35306.2,3.99,15.04,"B","Autumn"
"356",942.99,36539.7,4.74,8.39,"A","Spring"
"357",1213.9,24260.13,2.94,8.28,"A","Spring"
"358",1033.73,30120.32,4.18,8.97,"B","Spring"
"359",931.97,34379.3,4.57,13.89,"B","Autumn"
"360",1037.22,24768.81,4.61,10.69,"A","Autumn"
"361",1020.42,28136.1,4.35,12.93,"A","Spring"
"362",272.84,39427.29,4.63,2.36,"A","Spring"
"363",1165.74,24212.02,3.93,26.76,"A","Autumn"
"364",1327.3,23114.71,4.3,27.07,"A","Winter"
"365",1284.88,22519.31,4.64,25.2,"A","Winter"
"366",1232.74,39275.55,4.29,6.58,"A","Spring"
"367",1035.48,30228.64,4.18,12.82,"A","Autumn"
"368",1708.76,23758.11,2.89,26.78,"A","Summer"
"369",930.85,29296.56,3.62,22.88,"B","Winter"
"370",1185.35,22868.7,4.15,23.25,"A","Autumn"
"371",1038.09,32232.61,4.18,7.43,"B","Spring"
"372",1222.94,29456.29,3.7,24.46,"B","Autumn"
"373",1191.36,24951.28,3.93,20.87,"B","Autumn"
"374",1409.24,23107.89,3.8,26.23,"A","Autumn"
"375",1816.25,26012.48,5.25,27.42,"A","Winter"
"376",776.29,24575.64,4.08,13.71,"A","Autumn"
"377",1577.9,39865,4.42,25.05,"A","Summer"
"378",652.36,25286.07,4.9,4.81,"A","Summer"
"379",1184.59,28925.16,3.44,20.55,"B","Summer"
"380",1659.17,26007.17,3.38,26.99,"A","Autumn"
"381",922.89,31641.31,5.21,11.16,"A","Winter"
"382",1049.28,29983.29,4.73,13.59,"A","Winter"
"383",1254,26489.81,3.96,11.37,"A","Spring"
"384",1188.35,25277.84,4.61,22.61,"B","Summer"
"385",1315.88,37746.88,4.14,8.85,"A","Summer"
"386",1154.37,23726.41,4.35,17.15,"A","Winter"
"387",1403.53,31324.22,4.46,20.39,"A","Winter"
"388",1515.01,30886.27,3.16,25.45,"A","Winter"
"389",1080.88,26293.55,5.2,12.11,"B","Winter"
"390",1167.26,35957.43,4.84,7.21,"A","Spring"
"391",1503.51,29310.54,3.63,9.19,"A","Spring"
"392",1189.1,30119.6,4.21,23.92,"A","Winter"
"393",1518.95,24977.65,4.98,23.65,"A","Summer"
"394",1266.27,25175.22,3.98,26.55,"B","Winter"
"395",1257.83,32495.27,3.81,9.96,"B","Summer"
"396",1122.13,29324.37,4.05,12.76,"A","Spring"
"397",1161.2,30814.03,3.86,10.42,"A","Spring"
"398",1129.1,28697.74,4.41,8.8,"A","Autumn"
"399",1048.43,27644.01,3.84,8.76,"A","Spring"
"400",667.55,29068.75,4.64,8.42,"A","Autumn"
"401",1084.12,32746.52,3.96,11.79,"A","Spring"
"402",1732.45,25432.41,5.19,26.61,"B","Winter"
"403",1368.9,22716.17,3.99,25.38,"A","Autumn"
"404",1040.69,21077.5,4.48,24.95,"A","Autumn"
"405",1344.78,22330.74,4.64,25.28,"A","Summer"
"406",1457.01,28600.92,4.15,20.96,"B","Spring"
"407",1539.52,23936.88,4.55,22.77,"B","Winter"
"408",1290.37,25798.87,4.46,11.41,"A","Summer"
"409",1030.22,25707.13,5.31,10.87,"A","Autumn"
"410",1058.58,29367.56,4.95,7.15,"B","Summer"
"411",1212.4,20033.93,4.88,11.71,"A","Spring"
"412",1321.57,26553.67,3.95,9.54,"A","Spring"
"413",1696.53,34113.61,4.51,10.2,"A","Summer"
"414",866.12,26586.94,3.01,11.26,"A","Autumn"
"415",1250.19,25684.83,4.47,22.1,"A","Spring"
"416",859.05,32670.85,4.64,7.72,"B","Spring"
"417",1251.71,22092.19,3.44,27.35,"B","Winter"
"418",1348.17,19110.16,4.95,32.64,"B","Winter"
"419",1122.91,19732.06,4.06,21.08,"B","Spring"
"420",1396.96,25206.77,4.1,29.24,"B","Autumn"
"421",1295.89,26898.82,3.86,14.2,"B","Spring"
"422",1664.08,22861.47,3.73,26.32,"B","Spring"
"423",984.97,24187.6,3.51,6.9,"A","Spring"
"424",1411.16,27515.28,4.61,27.76,"B","Winter"
"425",1297.47,27323.18,2.73,24.96,"A","Autumn"
"426",811.92,31280.23,4.65,7.55,"A","Autumn"
"427",1540.95,26213.12,3.9,28.11,"B","Winter"
"428",1113.55,27642.24,4.24,8.2,"A","Summer"
"429",1431.88,30919.32,3.56,12.95,"A","Summer"
"430",1273.21,25873.66,3.55,27.03,"B","Winter"
"431",1028.45,21567.16,4.72,16.62,"A","Winter"
"432",1288.8,25408.72,3.7,5.82,"A","Spring"
"433",1324.02,27885.84,4.61,26.86,"A","Winter"
"434",1126.01,28273.69,4.79,21.57,"B","Summer"
"435",998.36,31968.66,4.22,11.19,"B","Spring"
"436",1195.87,39488.36,4.14,3.45,"B","Spring"
"437",1619.67,35840.47,3.51,26.25,"A","Autumn"
"438",1473.67,37473.25,4.35,14.69,"A","Spring"
"439",1356.72,27726.02,3.86,17.81,"A","Spring"
"440",1851.15,30049.25,3.79,24.8,"B","Winter"
"441",1241.07,23015.53,2.76,22.59,"A","Summer"
"442",1325.66,30277.09,4.65,25.33,"B","Winter"
"443",1070.23,28999.38,4.66,9.39,"B","Autumn"
"444",1558.74,26864.2,2.77,23.01,"B","Winter"
"445",1446.33,37003.39,4.31,24.76,"B","Summer"
"446",1317.5,25563.81,3.39,10.21,"A","Spring"
"447",964.05,26187.53,4.79,18.53,"A","Autumn"
"448",663.88,21253.1,4.89,8.47,"B","Spring"
"449",1466.91,22935.79,4.37,26.38,"A","Winter"
"450",808.43,25685.75,4.36,5.96,"A","Autumn"
"451",1443.19,24165.51,4.39,27.61,"B","Summer"
"452",1468.03,23492,3.83,30.38,"B","Winter"
"453",839.71,24885.7,4.01,6.47,"B","Spring"
"454",887.59,26711.82,4.71,8.79,"A","Autumn"
"455",1280.2,31780.56,3.32,10.24,"A","Summer"
"456",1543.83,26750.85,3.77,26.09,"A","Autumn"
"457",1319.12,38100.39,2.93,10,"B","Spring"
"458",1354.14,22476.97,4.38,24.58,"B","Winter"
"459",548.85,28939.31,4.87,9.45,"A","Spring"
"460",1045.86,36096.69,3.97,15.42,"B","Spring"
"461",1171.03,21941.48,4.28,12.2,"A","Spring"
"462",1046.72,28867.92,4.52,11.11,"B","Autumn"
"463",1337.23,26123.68,4.48,20.74,"B","Spring"
"464",1341.42,20875,5.07,26.51,"A","Autumn"
"465",1097.77,28855.43,4.57,24.75,"A","Autumn"
"466",1078.43,20210.54,4.77,24.83,"A","Winter"
"467",893.98,25690.47,4.69,22.01,"A","Autumn"
"468",1061.1,21717.18,4.64,25.52,"A","Winter"
"469",735.92,21495.39,4.87,15.56,"A","Winter"
"470",1136.81,26592.99,4.57,24.1,"B","Autumn"
"471",1271.67,32515.82,2.57,8.31,"A","Spring"
"472",1175.56,29450.39,3.69,7.9,"A","Spring"
"473",490.2,33696.9,5.41,1.95,"A","Summer"
"474",1213.15,28580.31,4.22,23.54,"B","Autumn"
"475",1576.24,29542.8,3.74,13.77,"A","Summer"
"476",1016.82,25402.62,3.69,24.19,"B","Spring"
"477",1045,23957.1,3.51,10.16,"A","Spring"
"478",1320.75,22750.6,3.17,21.93,"B","Spring"
"479",1436.98,24314.45,4.53,10.95,"A","Autumn"
"480",944.07,30548.26,4.71,9.43,"A","Autumn"
"481",1517.63,21922.5,4.19,28.83,"A","Winter"
"482",1174.8,33878.68,4.53,9.02,"B","Spring"
"483",1358.44,29457.04,5.44,25.65,"A","Autumn"
"484",1115.9,34401.22,4.37,10.08,"A","Spring"
"485",1137.58,22704.77,4.51,8.77,"A","Spring"
"486",1111.99,27939.89,4.22,14.6,"A","Summer"
"487",1012.27,31246.5,4.46,12.18,"B","Winter"
"488",1291.16,23857.11,4.69,26.27,"A","Winter"
"489",1303.83,32043.13,4.43,11.61,"A","Autumn"
"490",1253.24,28173.06,4.19,21.19,"A","Winter"
"491",799.45,25870.5,4.64,7.77,"A","Spring"
"492",1497.3,33178.08,4.45,15.1,"A","Summer"
"493",1404.47,24699.16,4.83,9.46,"A","Summer"
"494",759.33,23889.32,5,8.94,"A","Spring"
"495",1516.31,19777.06,3.81,33.17,"A","Winter"
"496",1194.37,31562.69,4.36,8.95,"A","Autumn"
"497",1088.96,22536.01,4.42,25.88,"A","Winter"
"498",841.26,22869.19,3.96,11.69,"A","Autumn"
"499",1143.7,30691.16,4.7,12.15,"A","Summer"
"500",1520.27,24686.4,3.9,15.72,"A","Autumn"
"501",856.17,25833.17,4.87,11.35,"A","Winter"
"502",795.75,23094,4.64,5.89,"A","Autumn"
"503",1104.11,25881.67,3.81,24.37,"B","Spring"
"504",1386.82,22888.62,5.39,25.96,"B","Winter"
"505",2024.43,53012.17,4,21.87,"B","Winter"
"506",927.46,34293.95,4.21,5.42,"A","Autumn"
"507",957.86,31309.95,3.26,11.66,"A","Autumn"
"508",1617.69,24537.2,4.21,28.65,"A","Winter"
"509",813.65,23951.45,5.17,8.53,"A","Summer"
"510",1231.99,23409.41,3.92,20.03,"A","Spring"
"511",700.49,21770.98,5.17,23.03,"B","Winter"
"512",1133.73,21093.26,4.59,27.59,"A","Winter"
"513",1149.05,25404.97,3.51,27.38,"B","Autumn"
"514",1131.42,28870.95,4.73,22.98,"B","Winter"
"515",912.36,29405.23,4.73,12.29,"B","Spring"
"516",1107.27,43518.32,4.06,6.95,"A","Spring"
"517",1388.64,35120.89,4.57,24.41,"B","Autumn"
"518",999.3,24552.09,4.62,23.41,"A","Summer"
"519",1528.36,30863.83,4.92,7.97,"A","Summer"
"520",1407.33,20826.06,3.74,21.44,"A","Spring"
"521",1277.09,24613.44,4.54,22.94,"A","Winter"
"522",1197.37,29961.9,4.16,10.94,"A","Spring"
"523",1179.32,30353.48,4.05,24.68,"A","Winter"
"524",1586.35,23507.43,4.15,12.24,"B","Summer"
"525",1225.95,26833.3,4.77,9.86,"A","Autumn"
"526",1114.34,23335.55,4.21,13.51,"A","Autumn"
"527",1099.36,28926.76,3.55,10.48,"B","Summer"
"528",1173.3,23990.74,4.2,11.1,"B","Spring"
"529",1267.81,22183.17,4.42,28.99,"A","Winter"
"530",717.68,25758.98,4.3,7.1,"B","Summer"
"531",955.77,28492.87,3.96,9.17,"A","Autumn"
"532",1504.76,23848.25,4.39,26.11,"A","Winter"
"533",995.53,27353.91,4.97,21.51,"B","Autumn"
"534",1444.23,23553.21,4.78,24.32,"A","Winter"
"535",1676.93,29564.53,2.65,23.07,"B","Winter"
"536",1118.24,31389.54,3.9,13.96,"B","Summer"
"537",1132.96,22630.9,3.77,23.31,"B","Spring"
"538",1372.44,30748.03,3.57,23.15,"B","Summer"
"539",1201.88,42947.53,4.62,7.64,"A","Autumn"
"540",1333.08,21512.49,3.77,25.67,"B","Autumn"
"541",1338.9,46845.15,2.47,8.05,"B","Spring"
"542",1238.8,27542.44,4.06,11.63,"B","Spring"
"543",1031.1,33833.34,4.3,6.83,"A","Spring"
"544",2063.54,27347.39,4.16,16,"A","Summer"
"545",1430.87,32382.87,3.44,23.61,"B","Autumn"
"546",1627.82,27780.51,3.01,27.89,"A","Autumn"
"547",589.82,31009.29,3.86,4.05,"A","Spring"
"548",556.56,20738.2,4.97,10.91,"A","Autumn"
"549",1139.11,19681.13,4.56,13.65,"B","Autumn"
"550",975.15,28182.67,3.8,25.57,"A","Autumn"
"551",1629.91,23059.9,5.35,23.74,"A","Winter"
"552",1611.82,22853.41,4.3,12.65,"A","Summer"
"553",1155.89,37887.9,4.93,21.47,"A","Autumn"
"554",1374.21,36986.85,4.17,8.25,"A","Autumn"
"555",1152.09,33619.17,2.76,9.76,"A","Spring"
"556",1542.39,39778.65,3.96,12.7,"A","Autumn"
"557",767.98,26898.69,4.38,10.74,"A","Autumn"
"558",1202.63,30109.37,3.84,23.48,"A","Autumn"
"559",1220.68,32135.48,4,12.01,"A","Spring"
"560",1307.83,22940.15,5.03,23.76,"B","Winter"
"561",1067.75,20039.87,3.09,20.69,"B","Autumn"
"562",1275.54,25626.59,3.87,10.38,"B","Spring"
"563",1195.12,27057.65,4.82,9.42,"B","Spring"
"564",1282.54,26521.01,2.54,9.09,"A","Summer"
"565",990.76,24753.88,4.48,7.23,"B","Autumn"
"566",733.42,31846.56,4.76,8.56,"A","Winter"
"567",1432.89,34810.02,5.17,9.57,"A","Spring"
"568",1095.37,31627.22,4.91,7.25,"B","Spring"
"569",1054.37,31974.62,5.02,10.45,"A","Summer"
"570",1561.84,23927.28,2.34,23.05,"B","Summer"
"571",1463.58,23078.23,4.02,29.48,"B","Winter"
"572",1102.53,25032.94,4.25,11.5,"A","Spring"
"573",1206.39,31582.09,3.97,25.35,"B","Autumn"
"574",830.27,24087.45,4.85,8.61,"A","Summer"
"575",1169.52,30388.99,3.16,8.36,"A","Spring"
"576",806.66,42477.41,4.44,9.34,"B","Autumn"
"577",1481.75,37478.99,4.02,22.35,"A","Summer"
"578",1506.02,22048.46,4.11,28.55,"B","Summer"
"579",754.86,27318.76,4.34,4.68,"B","Spring"
"580",1168.77,25643.94,4.14,25.13,"A","Winter"
"581",1216.16,31785.71,3.57,23.19,"A","Summer"
"582",763.7,25824.03,4.35,4.55,"A","Spring"
"583",1640.67,21588.67,3.85,31.24,"B","Autumn"
"584",1415.03,24706.87,5.21,27.54,"B","Autumn"
"585",1810.18,22962.99,3.84,27.87,"A","Summer"
"586",1157.41,23250.73,3.39,18.31,"B","Summer"
"587",336.46,32031.64,4.33,3.84,"A","Autumn"
"588",1073.52,26151.99,4.37,11.58,"B","Autumn"
"589",1439.04,22153.42,3.87,25.62,"A","Winter"
"590",915.91,21434.32,5.03,7.37,"B","Spring"
"591",983.03,26055.85,3.76,10.06,"B","Spring"
"592",881.05,20721.6,3.79,8.99,"A","Spring"
"593",1301.44,25985.49,3.28,25.55,"A","Winter"
"594",1260.89,40705.22,4.49,9.04,"B","Spring"
"595",1721.9,26741.97,3.23,25.93,"B","Summer"
"596",1525.64,33012.95,4.4,27.09,"B","Winter"
"597",1144.47,30962.75,4.63,10.11,"B","Spring"
"598",815.36,24159.05,3.98,14.06,"B","Autumn"
"599",1521.6,37379.42,4.03,9.12,"A","Spring"
"600",752.59,26757.9,3.79,7.31,"A","Spring"
"601",954.72,20993.56,4.46,12.06,"A","Winter"
"602",1574.6,23155.01,4.31,26.9,"B","Winter"
"603",1236.53,27948.95,4.79,9.38,"A","Summer"
"604",1204.13,29455.61,4.93,6.88,"A","Summer"
"605",1180.08,30263.85,4.72,9.67,"A","Autumn"
"606",1208.64,21355.55,4.86,21.9,"B","Summer"
"607",1441.11,23410.53,4.01,12.97,"B","Summer"
"608",1382.28,28220.44,4.44,10.77,"A","Spring"
"609",1687.88,25120.13,4.3,10.5,"A","Summer"
"610",1533.88,21787.76,4.52,28.91,"A","Autumn"
"611",1426.85,26208.45,4.17,19.96,"A","Summer"
"612",1398.82,22016.83,3.39,24.31,"B","Summer"
"613",1227.46,22308.9,5.49,25.06,"A","Winter"
"614",1252.48,29058.38,3.59,30.55,"A","Winter"
"615",1228.21,24886.26,3.98,11.57,"A","Spring"
"616",987.88,37808.63,3.83,13.83,"B","Autumn"
"617",1100.94,32464.35,4.99,7.84,"A","Winter"
"618",908.77,29298.19,4.01,10.83,"B","Autumn"
"619",1276.31,28657.52,4.4,28.06,"A","Winter"
"620",1090.57,26710.01,5.05,8,"B","Summer"
"621",1373.32,34961.94,3.87,24.91,"A","Winter"
"622",920.58,29646.05,3.19,6.61,"A","Spring"
"623",1000.24,28837.55,4.08,8.03,"B","Spring"
"624",1377.78,26619.92,4.94,19.4,"A","Summer"
"625",1699.51,23515.7,4.06,27.22,"A","Winter"
"626",1003.97,23450.91,4.35,20.5,"B","Winter"
"627",1076.8,33098.04,4.33,14.43,"A","Autumn"
"628",1449.5,21848.77,4.59,23.44,"A","Autumn"
"629",1340.58,27521.79,4.05,28.95,"A","Winter"
"630",1739.87,28212.82,3.81,27.24,"B","Summer"
"631",871.64,22808.1,4.4,7.47,"A","Spring"
"632",909.97,28786.27,4.36,10.35,"A","Spring"
"633",1593.34,34219.57,4.31,10.81,"A","Spring"
"634",1422.87,28188.42,4.18,11.22,"B","Spring"
"635",1075.16,27964.9,5.29,10.41,"A","Winter"
"636",1235.01,24114.26,4.38,11.14,"A","Winter"
"637",1350.72,31011.02,4.09,23.83,"B","Summer"
"638",1235.77,27268.51,4.91,14.78,"A","Spring"
"639",1277.87,28639.98,4.97,24.22,"B","Winter"
"640",671.14,23417.09,4.65,11.4,"A","Autumn"
"641",1638.47,39505.9,3.71,13.48,"A","Summer"
"642",1211.65,31921.35,4.23,19.75,"B","Spring"
"643",1231.23,33403.69,3.49,23.89,"B","Summer"
"644",1092.17,25930.76,4.67,22.92,"B","Summer"
"645",870.27,29532.04,4.86,9.83,"A","Autumn"
"646",1401.64,31111.5,4.61,18.14,"A","Winter"
"647",1438.01,19215.16,3.86,29.75,"B","Summer"
"648",1783.07,24907.32,4,31.99,"B","Winter"
"649",1161.96,25183.53,3.84,25.41,"B","Summer"
"650",1423.86,29024.57,4.31,22.7,"A","Autumn"
"651",864.72,26217.6,4.58,12.09,"B","Autumn"
"652",844.31,29444.1,3.55,4.98,"A","Summer"
"653",1822.58,33113.82,3.03,23.96,"B","Summer"
"654",1226.7,23885.89,4.39,26.62,"A","Winter"
"655",1693.6,22842.29,4.86,29.81,"A","Winter"
"656",674.66,30590.2,5.18,5.75,"A","Autumn"
"657",1416.97,21166.6,4.94,8.15,"A","Spring"
"658",1139.88,37530.86,4.51,12.4,"A","Autumn"
"659",738.39,31472.93,4.88,3.3,"A","Spring"
"660",1487.64,29475.41,3.08,12.46,"B","Spring"
"661",774.24,28625.18,4.56,11.82,"B","Summer"
"662",1190.61,25387.36,3.85,10.59,"B","Autumn"
"663",740.83,29917.84,4.59,5.24,"A","Spring"
"664",1482.92,25944.2,4.27,29.03,"B","Winter"
"665",648.34,29048.67,5.35,13.16,"A","Winter"
"666",1153.61,26603.66,4.2,12.78,"B","Summer"
"667",938.62,28083.64,4.58,9.36,"A","Spring"
"668",1240.31,24031.42,4.37,27.92,"A","Winter"
"669",1201.13,28936.8,3.89,14.83,"B","Spring"
"670",1036.35,26052.86,2.84,24.7,"B","Autumn"
"671",1024.9,26848.65,4,10.31,"A","Autumn"
"672",616.93,27351.62,4.3,5.78,"B","Summer"
"673",1417.95,32608.64,4.51,24.59,"A","Autumn"
"674",1531.11,27217.4,4.51,25,"A","Winter"
"675",1405.42,22999.28,5.24,28.45,"A","Autumn"
"676",831.87,21124.73,4.75,14.27,"A","Autumn"
"677",1632.02,28340.39,3.78,11.43,"A","Spring"
"678",1526.99,28221.13,4.35,10.97,"A","Summer"
"679",1009.52,26443.39,4.38,13.18,"A","Autumn"
"680",1335.57,31973.26,4.85,9.59,"A","Summer"
"681",1057.74,25649.74,4.03,7.06,"B","Spring"
"682",1391.4,23926.54,4.2,28.68,"B","Summer"
"683",1186.1,36130.32,2.66,19.09,"B","Autumn"
"684",818.76,31338.15,4,6.18,"B","Spring"
"685",952.62,23934.01,3.92,7.01,"A","Spring"
"686",1311.84,30937.18,4.05,29.7,"A","Autumn"
"687",611.88,24086.88,4.9,6.78,"A","Spring"
"688",1393.24,32575.42,3.99,8.23,"B","Spring"
"689",1244.87,28243.22,4.78,10.28,"A","Summer"
"690",1171.79,23396.61,4.76,26.53,"A","Winter"
"691",1736.12,28388.15,4.31,30.07,"B","Summer"
"692",725.71,26114.59,4.85,9.28,"A","Autumn"
"693",1055.22,32631.01,4.36,6.21,"A","Spring"
"694",427.15,33054.1,3.97,2.67,"B","Spring"
"695",1429.86,29876.03,3.63,24.39,"A","Autumn"
"696",583.75,21484.15,4.64,6.5,"A","Spring"
"697",972.15,25356.71,5.05,23.11,"B","Summer"
"698",1119.8,31496.04,4.56,9.52,"A","Summer"
"699",1355.86,22679.71,3.37,26.4,"B","Winter"
"700",1508.56,32121.92,4.19,21.67,"B","Winter"
"701",1513.71,31727.89,1.43,24.93,"B","Autumn"
"702",1679.61,27218.06,3.04,30.22,"B","Autumn"
"703",1549.69,21186.35,4.15,28.61,"B","Winter"
"704",907.57,37900.22,3.79,4.62,"A","Spring"
"705",691.24,25194.59,4.98,13.41,"A","Autumn"
"706",973.15,32554.65,4.22,2.91,"B","Spring"
"707",1186.85,37370.82,4.29,22.38,"B","Winter"
"708",981.07,25729.63,4.69,9.78,"A","Spring"
"709",863.31,29686.41,2.66,9.94,"B","Summer"
"710",1198.12,25152.11,5.25,20.16,"A","Winter"
"711",1278.64,27510.57,4.46,13.09,"A","Spring"
"712",1535.28,23610.67,4.9,10.57,"A","Summer"
"713",1021.32,27311.14,4.67,8.74,"A","Spring"
"714",1215.41,27880.61,4.87,18.97,"A","Winter"
"715",1642.89,30016.12,4.19,7.74,"B","Summer"
"716",1245.63,31762.7,3.22,7.59,"B","Spring"
"717",874.36,21716.64,4.9,25.82,"B","Autumn"
"718",1360.17,34147.82,4.24,14.13,"B","Autumn"
"719",1554.18,25747.19,3.68,23.71,"B","Autumn"
"720",1189.86,21306.75,3.7,27.49,"B","Summer"
"721",1110.42,31585.41,4.6,9.65,"A","Autumn"
"722",1571.34,28130.67,3.78,26.49,"B","Summer"
"723",1269.35,26131.77,4.84,26.2,"A","Autumn"
"724",985.94,22289.46,4.11,8.41,"B","Spring"
"725",782.31,24220.24,4.35,10.43,"A","Autumn"
"726",563.86,23969.94,4.97,21.37,"A","Autumn"
"727",901.47,21165.6,5.1,10.56,"B","Winter"
"728",1751.66,30437.38,2.96,21.96,"B","Spring"
"729",1038.96,29280.28,3.64,23.17,"A","Autumn"
"730",928.6,24703.7,3.95,25.4,"A","Autumn"
"731",941.9,38503.8,4.87,7.75,"A","Summer"
"732",1247.91,25642.56,4.67,26.43,"B","Winter"
"733",1263.19,26728.12,4.37,24.2,"A","Autumn"
"734",1369.78,29326.85,4.02,9.27,"B","Summer"
"735",1268.58,31264.96,4.94,12.52,"A","Summer"
"736",1255.53,21354.39,3.91,24.71,"A","Autumn"
"737",788.18,20733.33,4.63,12.25,"A","Summer"
"738",1177.82,25431.35,4.41,24.54,"A","Winter"
"739",1071.88,29359.08,4.53,12.61,"B","Autumn"
"740",1454.85,30528.83,4.47,23.58,"A","Winter"
"741",1308.63,22911.04,5.12,25.15,"A","Winter"
"742",1273.99,21048.54,4.24,23.97,"A","Winter"
"743",969.13,28256.95,4.71,6.71,"A","Spring"
"744",896.49,29604.25,4.3,7.17,"A","Autumn"
"745",1068.58,33098.94,5.04,5.67,"A","Spring"
"746",1685.08,31155.75,4.23,27.29,"B","Winter"
"747",1798.74,44640.34,3.23,30.01,"B","Winter"
"748",1621.68,30099.39,4.02,26.82,"A","Winter"
"749",914.73,22650.65,3.09,12.58,"A","Summer"
"750",1183.09,24730.45,4.44,12.04,"A","Summer"
"751",977.13,22668.12,3.28,27.2,"B","Autumn"
"752",1082.5,23148.15,3.69,27.26,"B","Autumn"
"753",1428.85,28311.36,4.85,11.13,"A","Winter"
"754",1193.61,25455.3,4.78,22.96,"A","Winter"
"755",1464.69,26014.75,3.94,13.46,"B","Autumn"
"756",790.09,25125.39,4.53,12.74,"B","Autumn"
"757",1011.36,26556.33,5.19,10.19,"B","Autumn"
"758",765.85,30947.35,4.31,8.02,"A","Autumn"
"759",1494.86,29185.88,4.14,26.45,"B","Winter"
"760",1050.98,25668.85,4.34,21.26,"A","Winter"
"761",898.99,27000.48,4.75,11.25,"A","Summer"
"762",875.72,20730,4.83,26.21,"A","Winter"
"763",970.14,34665.41,4.54,21.73,"B","Autumn"
"764",1465.8,27701.45,4.08,15.16,"B","Summer"
"765",778.32,26755.23,3.69,19.89,"B","Autumn"
"766",1412.12,26254.43,3.98,9.97,"A","Spring"
"767",1623.71,28363.59,4.49,28,"A","Winter"
"768",1522.94,22357.72,4.26,29.15,"A","Winter"
"769",1557.21,38867.93,1,10.26,"B","Summer"
"770",1804.35,25308.45,4.79,32.27,"B","Winter"
"771",1595.12,28613.13,4.08,28.14,"B","Winter"
"772",1085.74,35572.47,4.29,6.09,"A","Spring"
"773",1092.97,24610.33,4.91,11.29,"B","Spring"
"774",1225.2,25400.4,4.24,9.79,"A","Summer"
"775",1711.95,22135.21,4.21,26.47,"A","Autumn"
"776",937.52,31828.86,4.22,8.67,"B","Spring"
"777",1413.09,38423.36,5.16,13.21,"A","Winter"
"778",1160.45,31257.4,3.68,9.68,"B","Spring"
"779",1061.93,20578.77,4.09,23.27,"B","Winter"
"780",1151.33,26814.57,3.87,20.64,"B","Autumn"
"781",925.18,46876.57,3.89,5.14,"A","Summer"
"782",1168.01,23331.21,4.71,9.24,"B","Summer"
"783",1249.43,37423.71,4.4,8.08,"B","Spring"
"784",1636.3,25877.4,4.24,25.16,"A","Summer"
"785",1600.55,20250.2,4.03,29.53,"B","Winter"
"786",1126.79,33934.74,4.54,14.35,"B","Summer"
"787",1001.18,25010.04,4.52,11.97,"B","Autumn"
"788",1237.28,28426.23,2.12,25.11,"A","Autumn"
"789",1420.89,30343.69,4.57,25.58,"B","Winter"
"790",1380.47,28806.61,3.27,10.88,"B","Spring"
"791",1425.85,28987.66,4.13,24.03,"A","Winter"
"792",1270.12,34216.6,3.67,21.54,"B","Autumn"
"793",1330.59,27127.05,3.29,25.25,"B","Summer"
"794",1101.74,23137.6,4.85,18.69,"A","Autumn"
"795",1400.7,30303.08,4.37,9.64,"A","Spring"
"796",1435.95,26320.12,4.11,14.02,"B","Spring"
"797",1089.77,20009.68,4.27,22.47,"A","Autumn"
"798",1166.5,33445,4.83,8.59,"A","Summer"
"799",833.46,31777.8,3.79,5.51,"B","Spring"
"800",1367.15,75440,4.55,6.55,"B","Summer"
"801",1304.63,21000.07,4.16,22.68,"B","Summer"
"802",1140.64,25907.83,3.99,9.7,"A","Spring"
"803",1922.78,23875.3,4.35,26.92,"B","Summer"
"804",1147.52,29025.56,3.68,9.49,"B","Spring"
"805",1384.09,24239.22,4.3,28.08,"B","Winter"
"806",1363.65,28143.91,4.15,28.41,"B","Winter"
"807",1396.03,31261.93,3.65,8.7,"A","Autumn"
"808",793.88,25565.18,4.68,7.79,"A","Summer"
"809",1584.64,27716.99,4.11,25.23,"B","Winter"
"810",1485.27,22921.94,3.56,20.22,"A","Summer"
"811",877.06,25178.58,4.68,22.64,"A","Winter"
"812",1309.43,25722.14,4,22.2,"B","Winter"
"813",1010.44,25479.51,4.66,23.56,"A","Winter"
"814",1507.29,25257.62,4.54,23.13,"A","Autumn"
"815",1135.27,31658.74,5.18,7.49,"A","Spring"
"816",1602.39,28612.68,4.9,14.47,"B","Spring"
"817",882.37,27219.68,3.44,10.53,"A","Autumn"
"818",1346.47,24643.67,2.64,27.4,"A","Winter"
"819",1375.99,26389.62,3.31,19.58,"B","Autumn"
"820",926.33,32247.41,3.67,10.39,"A","Summer"
"821",1669.12,23810.98,4.41,30.14,"B","Winter"
"822",772.18,29345.95,4.37,6.53,"B","Spring"
"823",900.23,28218.61,4.34,7.63,"B","Spring"
"824",1488.83,49525.94,4.19,26.07,"A","Winter"
"825",1705.63,18473.47,3.79,28.03,"B","Summer"
"826",1238.04,25734.26,4.08,15.28,"A","Autumn"
"827",1210.14,28475.64,4.63,9.9,"A","Winter"
"828",1205.63,25753.78,4.04,11.52,"B","Spring"
"829",967.11,24552.07,4.25,9.8,"A","Autumn"
"830",1047.57,24456,3.7,8.5,"B","Spring"
"831",1371.55,30746.65,4.03,15.22,"B","Summer"
"832",1003.04,28901.63,4.6,8.49,"A","Autumn"
"833",1176.31,31292.63,4.39,16.46,"A","Autumn"
"834",1333.9,38093.78,3.57,13,"B","Spring"
"835",1342.26,26839.26,4.52,29.11,"B","Autumn"
"836",982.05,23729.11,4.95,10.6,"A","Summer"
"837",1098.56,32408.49,4.89,9.93,"A","Autumn"
"838",747.97,20835.88,4.15,14.99,"B","Spring"
"839",1671.69,32202.14,4.45,20.91,"A","Summer"
"840",1764.37,26547.19,3.24,29.59,"B","Winter"
"841",1385,29394.44,4.75,22.9,"A","Winter"
"842",810.18,25090.29,4.71,9.05,"B","Spring"
"843",1044.14,39272.79,4.59,10.01,"A","Winter"
"844",1728.86,22803.02,3.76,28.48,"B","Winter"
"845",570.8,28884.39,4.79,5.47,"B","Spring"
"846",1270.9,28635.62,4.11,22.79,"B","Winter"
"847",728.31,24588.15,4.87,9.56,"B","Autumn"
"848",924.04,33247.78,3.55,6.45,"A","Spring"
"849",836.61,28428.92,4.73,8.1,"B","Spring"
"850",1081.69,33815.51,4.63,24.88,"A","Winter"
"851",873.01,29585.49,4.14,5.59,"B","Spring"
"852",1408.28,29245.75,4,10.78,"A","Summer"
"853",1087.35,23982.97,4.42,22.73,"A","Winter"
"854",845.82,26682.83,4.01,9.85,"B","Spring"
"855",1760.02,32887.96,1.99,22.4,"A","Summer"
"856",1071.06,37799.34,3.98,22.04,"B","Autumn"
"857",1152.85,27317.92,4.11,9.25,"A","Spring"
"858",1387.73,31027.98,4.94,25.18,"A","Winter"
"859",950.5,30075.14,4.19,10.09,"A","Autumn"
"860",1450.56,23741.73,4.67,27.31,"B","Autumn"
"861",1026.68,23401.43,4.47,11.94,"A","Spring"
"862",595.65,29117.78,5.26,6.73,"A","Autumn"
"863",1019.53,26227.07,5.15,23.59,"A","Winter"
"864",1207.89,20812.17,3.85,19.27,"B","Spring"
"865",678.1,28502.45,3.88,4.4,"A","Summer"
"866",1492.43,36116.1,3.76,26.8,"B","Winter"
"867",1130.65,25319.05,4.85,13.8,"B","Spring"
"868",1075.98,24622.6,3.85,24.01,"A","Winter"
"869",1134.5,20784.63,4.68,27.33,"B","Winter"
"870",1043.28,22808.12,4.13,11.81,"B","Autumn"
"871",1345.63,21329.28,4.14,27.74,"B","Autumn"
"872",1538.1,35388.92,4.7,12.8,"A","Spring"
"873",1392.32,39725,3.75,10.98,"A","Spring"
"874",1079.25,30092.42,4.37,9.71,"B","Spring"
"875",1355,25110.53,3.81,9.14,"A","Spring"
"876",848.82,23857.4,5,9.41,"B","Autumn"
"877",1017.72,30286.58,2.9,11.46,"B","Spring"
"878",1214.65,24423.23,3.68,24.27,"A","Summer"
"879",1478.26,25154.46,4.54,27.18,"A","Winter"
"880",1128.33,30241.55,3.33,23.21,"A","Winter"
"881",1302.23,32319.49,4.26,10.13,"B","Spring"
"882",963.02,50132.48,4.85,4.23,"A","Spring"
"883",1124.46,26834.87,2.79,10.66,"B","Spring"
"884",1315.07,30685.09,3.81,9.74,"A","Summer"
"885",1104.9,21719.65,3.09,23.33,"B","Autumn"
"886",1501.01,27119.27,4.89,26.29,"A","Winter"
"887",1318.31,27819.46,4.33,15.35,"A","Spring"
"888",1066.92,27428,3.95,10.7,"B","Summer"
"889",1093.78,25850.42,4.47,12.38,"B","Autumn"
"890",1051.83,21752.95,4.98,9.07,"A","Spring"
"891",1254.77,29771.18,4.31,6.33,"B","Summer"
"892",1083.31,35238.66,3.59,7.81,"A","Summer"
"893",1258.59,30019.97,4.45,10.76,"A","Autumn"
"894",697.46,19638.36,4.43,8.12,"A","Spring"
"895",1091.37,23794.54,4.17,10.3,"B","Spring"
"896",847.32,20848.35,3.28,8.13,"A","Spring"
"897",902.7,21998.15,4.55,25.81,"A","Autumn"
"898",804.88,30756.75,4.2,8.98,"A","Autumn"
"899",1199.62,24857.81,4.74,25.7,"B","Autumn"
"900",1390.48,22503.05,4.53,25.64,"A","Autumn"
"901",1210.9,25162.28,4.95,23.67,"A","Winter"
"902",635.63,20645.57,5.27,8.89,"A","Autumn"
"903",1306.22,26806.9,4.83,13.33,"B","Summer"
"904",1424.85,24851.63,4.27,26.12,"B","Winter"
"905",1106.48,23508.66,4.05,10.55,"B","Spring"
"906",1148.29,24388.7,5.37,27.05,"B","Winter"
"907",1239.55,42883.7,4.14,11.77,"B","Summer"
"908",375.57,30934.75,3.7,1.27,"B","Spring"
"909",1056.9,28867.27,4.39,13.02,"B","Summer"
"910",979.11,21758.67,4.89,29.07,"B","Autumn"
"911",1294.31,23750.89,4.15,24.48,"A","Autumn"
"912",1511.12,30394.41,3.67,10.34,"A","Spring"
"913",1103.32,22746.19,4.85,23.46,"A","Autumn"
"914",1219.17,25103.63,3.14,23.52,"A","Winter"
"915",1509.84,23382.91,4.12,30.46,"B","Winter"
"916",1196.62,21862.36,3.08,21.12,"B","Autumn"
"917",991.72,28618.65,3.81,16.21,"A","Autumn"
"918",1459.19,32733.99,3.34,9.91,"A","Summer"
"919",1347.32,28904.5,4.57,24.64,"B","Autumn"
"920",993.63,22453.33,5.03,22.15,"B","Summer"
"921",994.58,19469.23,4.92,26.02,"A","Winter"
"922",974.15,22564.56,3.33,16.1,"B","Autumn"
"923",1178.57,26783.58,4.27,14.93,"A","Winter"
"924",1311.04,28092.55,3.82,10.62,"B","Spring"
"925",919.42,28593.02,4.99,22.54,"A","Winter"
"926",1260.12,26053.43,3.94,13.92,"A","Spring"
"927",1343.1,25833.58,4.7,19.67,"A","Autumn"
"928",1204.88,20373.61,4.48,26.72,"B","Autumn"
"929",1598.73,25496.11,2.87,27.69,"B","Spring"
"930",1041.56,35265.15,4.78,9.15,"B","Spring"
"931",639.98,24602.39,4.86,6.36,"A","Autumn"
"932",477.22,29746.38,5.74,9.89,"B","Autumn"
"933",1381.38,27326.61,4.93,22.23,"A","Winter"
"934",1793.34,28094.61,4.71,27.66,"B","Winter"
"935",1524.28,27656.4,4.58,14.73,"B","Autumn"
"936",1480.58,20858.59,4.32,24.61,"A","Autumn"
"937",1039.83,21381.41,5.44,24.06,"B","Summer"
"938",688.05,30929,4.76,7.91,"B","Autumn"
"939",879.73,29927.93,4.33,7.04,"A","Spring"
"940",1155.13,21433.05,4.45,29.43,"A","Winter"
"941",1059.42,26226.71,4.72,11.31,"B","Spring"
"942",1230.48,27246.23,3.71,9.61,"B","Spring"
"943",1005.83,19643.16,4.44,15.49,"B","Autumn"
"944",936.42,21021.86,4.14,11.6,"A","Autumn"
"945",784.29,28763.5,4.54,6.81,"A","Autumn"
"946",714.92,31624.97,5.17,12.42,"B","Winter"
"947",1243.35,32662.78,4.43,10.64,"A","Spring"
"948",1080.06,21887.5,4.27,8.52,"A","Spring"
"949",939.72,22636.21,5.04,10.46,"A","Autumn"
"950",1453.77,26431.28,4.55,11.04,"A","Spring"
"951",921.74,21180.95,4.73,13.62,"B","Summer"
"952",1285.66,29169.51,3.53,12.72,"A","Spring"
"953",770.09,33746.81,4.35,3.59,"B","Spring"
"954",1366.27,34613.21,4.74,8.3,"A","Summer"
"955",1262.42,27604.67,3.8,24.43,"B","Autumn"
"956",792,36458.7,4.42,6.85,"B","Summer"
"957",1217.66,30177.07,4.7,13.3,"B","Summer"
"958",1867.98,20667.59,5.07,30.98,"A","Winter"
"959",1246.39,22652.35,4.94,26.88,"A","Winter"
"960",997.42,28543.8,4.47,8.82,"B","Autumn"
"961",1352.43,25424.51,4.37,22.25,"B","Summer"
"962",706.4,19660.99,3.24,17.46,"B","Autumn"
"963",1379.58,29049.51,4.71,25.79,"A","Autumn"
"964",1566.54,26776,4.25,26.59,"A","Autumn"
"965",1568.13,25754.32,3.91,29.38,"B","Autumn"
"966",934.2,34450.12,4.39,9.18,"B","Summer"
"967",1053.53,24831.63,5.5,9.63,"A","Summer"
"968",929.72,29631.55,4.25,7.95,"A","Spring"
"969",1063.6,22959.85,5.1,20.44,"A","Autumn"
"970",626.56,24019.12,3.9,13.13,"B","Autumn"
"971",1582.93,34406.95,4.35,9.53,"B","Spring"
"972",838.16,33249.56,4.1,7.61,"B","Spring"
"973",1310.23,31121.79,3.45,10.84,"B","Summer"
"974",1007.68,28282.65,3.65,8.69,"A","Spring"
"975",1158.93,36199.95,3.47,21.82,"B","Autumn"
"976",1123.69,32461.29,4.45,21.99,"A","Autumn"
"977",1649.71,24912.42,4.37,25.43,"A","Winter"
"978",1018.62,29367.68,4.7,11.06,"B","Winter"
"979",1656.76,25907.38,4.02,28.26,"A","Winter"
"980",1228.97,26115.19,3.4,21.04,"B","Spring"
"981",1183.84,26405.44,5.12,11.74,"B","Spring"
"982",933.09,24989.23,5.01,21.15,"A","Winter"
"983",1292.73,43841.59,3.91,23.35,"A","Winter"
"984",935.31,30312.89,4.17,12.68,"A","Spring"
"985",1332.25,31292.28,4.24,24.24,"A","Summer"
"986",1108.06,25966.25,4.5,12.44,"B","Spring"
"987",1100.15,30088.87,4.49,11.89,"A","Spring"
"988",1351.57,23167.63,4.52,13.54,"A","Summer"
"989",1329.77,23014.42,4.8,26.18,"A","Winter"
"990",709.28,24492.66,3.7,5.63,"B","Spring"
"991",1250.95,34461.61,5.2,24.13,"A","Winter"
"992",1365.39,22206.78,4.49,16.78,"A","Summer"
"993",1588.08,30966.41,5.14,20.83,"A","Winter"
"994",961.99,21711.18,4.23,10.93,"B","Summer"
"995",857.61,23196.15,4.98,21.79,"A","Autumn"
"996",1261.66,23589.21,4.54,27.64,"A","Winter"
"997",1339.74,36847.07,4.48,11.99,"A","Autumn"
"998",540.7,25168.79,4.54,7.39,"A","Autumn"
"999",1448.44,24999.65,4.51,12.56,"B","Spring"
"1000",1065.26,34055.26,4.69,12.89,"A","Autumn"
