"method","score","hours","attendance","GPA"
"Lecture",78.9676675771733,4.20599860020025,92.5635350490246,2.55191247980511
"Lecture",63.4824146288313,3.63894270145133,86.2896071876602,2.55886927756896
"Lecture",70.9050272906987,4.75816323569952,85.4422011457979,3.0374107158591
"Lecture",73.0629008396883,3.27329517292342,84.3955173123045,2.70100825953479
"Lecture",71.234146585128,2.63171895558071,79.0283555241974,2.99945321570859
"Lecture",67.1510038712681,4.43281802588872,88.0599844902019,2.87152233557226
"Lecture",80.0921759795115,3.18860682381333,83.9143007712674,2.81589851806515
"Lecture",67.2427276926952,5.44410126172125,84.0862164683404,2.39259664637427
"Lecture",84.1473897110163,3.56855379738665,89.6667316428558,2.632575614892
"Lecture",67.4982872075806,4.65564788340221,89.1088655525412,3.05385493233538
"Lecture",78.4389572337879,4.32192526520395,91.9605818796714,3.17028617832706
"Lecture",86.2931631416089,3.21616105911962,82.6191303847266,2.85213679393396
"Lecture",56.8891143911013,5.57572751979198,88.2517428036315,3.00001886521961
"Lecture",65.769689865461,4.64289930571732,91.95555228195,3.33686689301399
"Lecture",66.9334293088507,4.08976064659961,79.4460556027605,3.43195672289286
"Lecture",73.0876031845606,4.27655074729146,80.6960370656108,2.67086586947825
"Lecture",65.7259766286714,4.67928881605527,79.3413065957312,2.96480413192495
"Lecture",46.7483566327618,4.08983288657908,77.703930002488,3.36044952027591
"Lecture",48.4762645713958,1.00690991684707,85.3999127662058,2.85908112583011
"Lecture",78.5609067658415,4.28488295353066,88.266021698246,2.9842591545183
"Lecture",65.5468912473722,3.63276535725902,91.0048268779925,2.97416781052887
"Lecture",53.74953252816,4.18523056486561,90.2237554358386,2.73369629462807
"Lecture",66.624661153923,4.58182372736551,79.9839567658008,2.86659479853458
"Lecture",77.7173975933808,5.39973682729268,94.2424095083637,2.99116653627353
"Lecture",83.1615476901197,3.27270794052553,81.6661329562109,2.87583934528262
"Lecture",64.5562469471504,5.30254263204414,85.5275690622803,3.33401580701046
"Lecture",65.9418449378486,4.33584811975207,82.8887205906557,2.85570214750381
"Lecture",53.8946953184418,5.03850609869762,84.3882491402251,2.87004929021978
"Lecture",71.6807788386502,4.92072856829065,85.9409651725075,3.20905877296563
"Lecture",62.880040992319,4.72087816286686,85.595804789985,2.68308947604873
"Lecture",71.6436009859298,2.95688106143214,84.874537245663,2.98779045745464
"Lecture",73.6386986978305,3.90981361338929,85.5403636397102,2.53453655329572
"Lecture",76.2808281757594,4.62351816199954,82.5728238207667,3.3501508647707
"Lecture",63.1285889967423,3.04647664222766,82.4789143465605,2.91790628958778
"Lecture",72.0396409863838,3.45717118542614,76.6945046004259,2.85964640259832
"Lecture",54.2639305674133,4.58099649768168,83.0883313656309,2.62852430160414
"Lecture",61.724327932964,4.76817873783459,82.436748710611,2.9976713898668
"Lecture",61.1927392465879,4.46376758854017,98.509455001724,2.7599153466145
"Lecture",48.6863388004269,3.11422370259032,78.1894188440514,2.83995230101487
"Lecture",68.288980855138,2.90021910135214,85.686281092793,3.38630257367538
"Interactive",72.595793038063,2.99907076226849,85.3539136174521,3.54722218910456
"Interactive",65.4257409267946,5.33377719743357,93.9903445427742,2.80121117934432
"Interactive",75.3056550597391,6.17132512735879,95.2924083229778,3.12920809691836
"Interactive",71.0980926749764,7.05953924229931,95.2443184440505,3.49065414518686
"Interactive",78.7201083838987,3.62313840175948,82.0968147523733,3.31311660227336
"Interactive",85.4593754218479,3.84914443437289,99.249803468182,3.40440369109839
"Interactive",66.0584599111241,4.29417860523988,94.0843641489977,4.03787806466112
"Interactive",77.6372023806423,3.94594421792281,88.8664126793087,3.0544859026801
"Interactive",74.6791844694279,4.35425627685751,92.5180388939913,2.66603996552126
"Interactive",81.1645246581164,4.8146220323235,84.1430738542407,3.38210858172912
"Interactive",72.1617748884299,3.79877794926001,83.5192187922057,3.09372094762698
"Interactive",80.6929525476849,7.03697216698315,89.245252254688,3.43381231588856
"Interactive",60.0395531093065,5.10777474488555,83.0075207172111,3.05628458286282
"Interactive",87.515671370507,4.91589189949442,89.9500949927987,3.96361664410054
"Interactive",80.9182238281486,5.49561964160459,95.4885294980233,3.26288820852677
"Interactive",72.793792088914,5.03741518611797,83.8306313851762,3.15679934819098
"Interactive",62.4079429588867,4.86791196304409,85.3077962289347,3.25012155255402
"Interactive",79.1440696003359,6.4767874235521,89.2328196972543,3.55876901508793
"Interactive",77.8655509105181,4.7829697899079,83.9120194008695,3.32920214556085
"Interactive",73.9491549886289,3.71639779590777,87.0835802005686,2.81231497823661
"Interactive",75.2116471428994,5.3856678904434,93.363777058357,3.29861376965206
"Interactive",69.3271282372016,4.64848712647091,93.8477250698506,3.52807265029862
"Interactive",76.9504538610419,4.47820390664373,90.9192333251355,3.31169727386177
"Interactive",76.3572347177561,3.93186879931283,79.7422216846627,3.52052164248433
"Interactive",71.7659250132594,5.42836590326669,88.7300163158692,3.25605821190034
"Interactive",63.3101067608548,4.825981765573,94.3238660716914,3.28263379938562
"Interactive",79.6059905475203,5.51566772864803,93.065975187058,3.44471083983136
"Interactive",78.4335729781923,4.76563472269408,88.0459176294786,3.59788309103272
"Interactive",67.3095472575887,4.34149657417823,75.5003509571815,2.92608135059039
"Interactive",61.2432947039501,6.25023660407872,89.3048331940056,3.28995374254632
"Interactive",75.6396686447011,4.7282362848886,91.8687584874179,3.278711345625
"Interactive",71.2392961762169,5.9479519958752,89.2290178986255,3.07232380388071
"Interactive",76.0208936269156,3.79841756989106,89.7870627008794,2.98969219171825
"Interactive",63.6479802761236,4.5338839036245,91.1578268643439,3.11078041380875
"Interactive",66.3266364449571,4.73064860484682,87.0172513197489,3.4760423160039
"Interactive",82.6861988294392,4.60903459186914,95.5498911287577,3.1751032031449
"Interactive",77.2301992377257,6.34870701199171,91.3519669993697,3.0645336571484
"Interactive",78.6919002937544,4.97723529870159,82.786648647127,3.34902489584583
"Interactive",88.5218275692316,5.24422585110345,95.9078772819277,2.9289857294672
"Interactive",75.0305714288191,4.05762829213608,95.0222946850491,3.613762132871
